<?xml version="1.0" encoding="UTF-8"?>
<GenRun Id="impl_1" LaunchPart="xc7a25tcpg238-1" LaunchTime="1747641816">
  <File Type="ROUTE-PWR" Name="SH2_CPU_power_routed.rpt"/>
  <File Type="PA-TCL" Name="SH2_CPU.tcl"/>
  <File Type="ROUTE-PWR-SUM" Name="SH2_CPU_power_summary_routed.pb"/>
  <File Type="REPORTS-TCL" Name="SH2_CPU_reports.tcl"/>
  <File Type="OPT-RQA-PB" Name="SH2_CPU_rqa_opted.pb"/>
  <File Type="BITSTR-MMI" Name="SH2_CPU.mmi"/>
  <File Type="OPT-METHODOLOGY-DRC" Name="SH2_CPU_methodology_drc_opted.rpt"/>
  <File Type="INIT-TIMING" Name="SH2_CPU_timing_summary_init.rpt"/>
  <File Type="OPT-TIMING" Name="SH2_CPU_timing_summary_opted.rpt"/>
  <File Type="OPT-DCP" Name="SH2_CPU_opt.dcp"/>
  <File Type="OPT-DRC" Name="SH2_CPU_drc_opted.rpt"/>
  <File Type="OPT-HWDEF" Name="SH2_CPU.hwdef"/>
  <File Type="PWROPT-DCP" Name="SH2_CPU_pwropt.dcp"/>
  <File Type="PWROPT-DRC" Name="SH2_CPU_drc_pwropted.rpt"/>
  <File Type="PWROPT-TIMING" Name="SH2_CPU_timing_summary_pwropted.rpt"/>
  <File Type="PLACE-DCP" Name="SH2_CPU_placed.dcp"/>
  <File Type="PLACE-IO" Name="SH2_CPU_io_placed.rpt"/>
  <File Type="PLACE-CLK" Name="SH2_CPU_clock_utilization_placed.rpt"/>
  <File Type="PLACE-UTIL" Name="SH2_CPU_utilization_placed.rpt"/>
  <File Type="PLACE-UTIL-PB" Name="SH2_CPU_utilization_placed.pb"/>
  <File Type="PLACE-CTRL" Name="SH2_CPU_control_sets_placed.rpt"/>
  <File Type="PLACE-SIMILARITY" Name="SH2_CPU_incremental_reuse_placed.rpt"/>
  <File Type="PLACE-PRE-SIMILARITY" Name="SH2_CPU_incremental_reuse_pre_placed.rpt"/>
  <File Type="BG-BIN" Name="SH2_CPU.bin"/>
  <File Type="PLACE-TIMING" Name="SH2_CPU_timing_summary_placed.rpt"/>
  <File Type="ROUTE-PWR-RPX" Name="SH2_CPU_power_routed.rpx"/>
  <File Type="PLACE-RQA-PB" Name="SH2_CPU_rqa_placed.pb"/>
  <File Type="POSTPLACE-PWROPT-DCP" Name="SH2_CPU_postplace_pwropt.dcp"/>
  <File Type="BITSTR-MSK" Name="SH2_CPU.msk"/>
  <File Type="POSTPLACE-PWROPT-TIMING" Name="SH2_CPU_timing_summary_postplace_pwropted.rpt"/>
  <File Type="PHYSOPT-DCP" Name="SH2_CPU_physopt.dcp"/>
  <File Type="PHYSOPT-DRC" Name="SH2_CPU_drc_physopted.rpt"/>
  <File Type="BITSTR-RBT" Name="SH2_CPU.rbt"/>
  <File Type="PHYSOPT-TIMING" Name="SH2_CPU_timing_summary_physopted.rpt"/>
  <File Type="ROUTE-ERROR-DCP" Name="SH2_CPU_routed_error.dcp"/>
  <File Type="ROUTE-DCP" Name="SH2_CPU_routed.dcp"/>
  <File Type="ROUTE-BLACKBOX-DCP" Name="SH2_CPU_routed_bb.dcp"/>
  <File Type="ROUTE-DRC" Name="SH2_CPU_drc_routed.rpt"/>
  <File Type="ROUTE-DRC-PB" Name="SH2_CPU_drc_routed.pb"/>
  <File Type="ROUTE-DRC-RPX" Name="SH2_CPU_drc_routed.rpx"/>
  <File Type="ROUTE-METHODOLOGY-DRC" Name="SH2_CPU_methodology_drc_routed.rpt"/>
  <File Type="ROUTE-METHODOLOGY-DRC-RPX" Name="SH2_CPU_methodology_drc_routed.rpx"/>
  <File Type="ROUTE-METHODOLOGY-DRC-PB" Name="SH2_CPU_methodology_drc_routed.pb"/>
  <File Type="ROUTE-RQS-PB" Name="SH2_CPU_rqs_routed.pb"/>
  <File Type="ROUTE-STATUS" Name="SH2_CPU_route_status.rpt"/>
  <File Type="ROUTE-STATUS-PB" Name="SH2_CPU_route_status.pb"/>
  <File Type="ROUTE-TIMINGSUMMARY" Name="SH2_CPU_timing_summary_routed.rpt"/>
  <File Type="ROUTE-TIMING-PB" Name="SH2_CPU_timing_summary_routed.pb"/>
  <File Type="ROUTE-TIMING-RPX" Name="SH2_CPU_timing_summary_routed.rpx"/>
  <File Type="ROUTE-SIMILARITY" Name="SH2_CPU_incremental_reuse_routed.rpt"/>
  <File Type="ROUTE-CLK" Name="SH2_CPU_clock_utilization_routed.rpt"/>
  <File Type="ROUTE-BUS-SKEW" Name="SH2_CPU_bus_skew_routed.rpt"/>
  <File Type="ROUTE-BUS-SKEW-PB" Name="SH2_CPU_bus_skew_routed.pb"/>
  <File Type="ROUTE-BUS-SKEW-RPX" Name="SH2_CPU_bus_skew_routed.rpx"/>
  <File Type="POSTROUTE-PHYSOPT-DCP" Name="SH2_CPU_postroute_physopt.dcp"/>
  <File Type="POSTROUTE-PHYSOPT-BLACKBOX-DCP" Name="SH2_CPU_postroute_physopt_bb.dcp"/>
  <File Type="POSTROUTE-PHYSOPT-TIMING" Name="SH2_CPU_timing_summary_postroute_physopted.rpt"/>
  <File Type="POSTROUTE-PHYSOPT-TIMING-PB" Name="SH2_CPU_timing_summary_postroute_physopted.pb"/>
  <File Type="POSTROUTE-PHYSOPT-TIMING-RPX" Name="SH2_CPU_timing_summary_postroute_physopted.rpx"/>
  <File Type="POSTROUTE-PHYSOPT-BUS-SKEW" Name="SH2_CPU_bus_skew_postroute_physopted.rpt"/>
  <File Type="BG-BIT" Name="SH2_CPU.bit"/>
  <File Type="POSTROUTE-PHYSOPT-BUS-SKEW-PB" Name="SH2_CPU_bus_skew_postroute_physopted.pb"/>
  <File Type="POSTROUTE-PHYSOPT-BUS-SKEW-RPX" Name="SH2_CPU_bus_skew_postroute_physopted.rpx"/>
  <File Type="BITSTR-NKY" Name="SH2_CPU.nky"/>
  <File Type="BITSTR-BMM" Name="SH2_CPU_bd.bmm"/>
  <File Type="PDI-FILE" Name="SH2_CPU.pdi"/>
  <File Type="BOOT-PDI-FILE" Name="SH2_CPU_boot.pdi"/>
  <File Type="PL-PDI-FILE" Name="SH2_CPU_pld.pdi"/>
  <File Type="RCFI_FILE" Name="SH2_CPU.rcfi"/>
  <File Type="CFI_FILE" Name="SH2_CPU.cfi"/>
  <File Type="RNPI_FILE" Name="SH2_CPU.rnpi"/>
  <File Type="NPI_FILE" Name="SH2_CPU.npi"/>
  <File Type="RBD_FILE" Name="SH2_CPU.rbd"/>
  <File Type="BITSTR-LTX" Name="debug_nets.ltx"/>
  <File Type="BITSTR-LTX" Name="SH2_CPU.ltx"/>
  <File Type="BITSTR-SYSDEF" Name="SH2_CPU.sysdef"/>
  <File Type="BG-BGN" Name="SH2_CPU.bgn"/>
  <File Type="BG-DRC" Name="SH2_CPU.drc"/>
  <File Type="RDI-RDI" Name="SH2_CPU.vdi"/>
  <File Type="WBT-USG" Name="usage_statistics_webtalk.html"/>
  <File Type="ROUTE-RQS" Name="SH2_CPU_routed.rqs"/>
  <File Type="POSTROUTE-PHYSOPT-RQS" Name="SH2_CPU_postroute_physopted.rqs"/>
  <File Type="ROUTE-RQS-RPT" Name="route_report_qor_suggestions_0.rpt"/>
  <File Type="POSTROUTE-PHYSOPT-RQS-RPT" Name="postroute_physopt_report_qor_suggestions_0.rpt"/>
  <FileSet Name="sources" Type="DesignSrcs" RelSrcDir="$PSRCDIR/sources_1" RelGenDir="$PGENDIR/sources_1">
    <Filter Type="Srcs"/>
    <File Path="$PPRDIR/../vhd/generic/generic_const.vhd">
      <FileInfo>
        <Attr Name="UsedIn" Val="synthesis"/>
        <Attr Name="UsedIn" Val="simulation"/>
      </FileInfo>
    </File>
    <File Path="$PPRDIR/../vhd/opcode.vhd">
      <FileInfo>
        <Attr Name="UsedIn" Val="synthesis"/>
        <Attr Name="UsedIn" Val="simulation"/>
      </FileInfo>
    </File>
    <File Path="$PPRDIR/../vhd/generic/generic_alu.vhd">
      <FileInfo SFType="VHDL2008">
        <Attr Name="UsedIn" Val="synthesis"/>
        <Attr Name="UsedIn" Val="simulation"/>
      </FileInfo>
    </File>
    <File Path="$PPRDIR/../vhd/alu.vhd">
      <FileInfo SFType="VHDL2008">
        <Attr Name="UsedIn" Val="synthesis"/>
        <Attr Name="UsedIn" Val="simulation"/>
      </FileInfo>
    </File>
    <File Path="$PPRDIR/../vhd/generic/generic_mau.vhd">
      <FileInfo SFType="VHDL2008">
        <Attr Name="UsedIn" Val="synthesis"/>
        <Attr Name="UsedIn" Val="simulation"/>
      </FileInfo>
    </File>
    <File Path="$PPRDIR/../vhd/reg.vhd">
      <FileInfo SFType="VHDL2008">
        <Attr Name="UsedIn" Val="synthesis"/>
        <Attr Name="UsedIn" Val="simulation"/>
      </FileInfo>
    </File>
    <File Path="$PPRDIR/../vhd/dtu.vhd">
      <FileInfo SFType="VHDL2008">
        <Attr Name="UsedIn" Val="synthesis"/>
        <Attr Name="UsedIn" Val="simulation"/>
      </FileInfo>
    </File>
    <File Path="$PPRDIR/../vhd/dau.vhd">
      <FileInfo SFType="VHDL2008">
        <Attr Name="UsedIn" Val="synthesis"/>
        <Attr Name="UsedIn" Val="simulation"/>
      </FileInfo>
    </File>
    <File Path="$PPRDIR/../vhd/pau.vhd">
      <FileInfo SFType="VHDL2008">
        <Attr Name="UsedIn" Val="synthesis"/>
        <Attr Name="UsedIn" Val="simulation"/>
      </FileInfo>
    </File>
    <File Path="$PPRDIR/../vhd/cu.vhd">
      <FileInfo SFType="VHDL2008">
        <Attr Name="UsedIn" Val="synthesis"/>
        <Attr Name="UsedIn" Val="simulation"/>
      </FileInfo>
    </File>
    <File Path="$PPRDIR/../vhd/generic/generic_reg.vhd">
      <FileInfo SFType="VHDL2008">
        <Attr Name="UsedIn" Val="synthesis"/>
        <Attr Name="UsedIn" Val="simulation"/>
      </FileInfo>
    </File>
    <File Path="$PPRDIR/../vhd/sh2_cpu.vhd">
      <FileInfo SFType="VHDL2008">
        <Attr Name="UsedIn" Val="synthesis"/>
        <Attr Name="UsedIn" Val="simulation"/>
      </FileInfo>
    </File>
    <Config>
      <Option Name="DesignMode" Val="RTL"/>
      <Option Name="TopModule" Val="SH2_CPU"/>
      <Option Name="TopAutoSet" Val="TRUE"/>
    </Config>
  </FileSet>
  <FileSet Name="constrs_in" Type="Constrs" RelSrcDir="$PSRCDIR/constrs_1" RelGenDir="$PGENDIR/constrs_1">
    <Filter Type="Constrs"/>
    <File Path="$PSRCDIR/constrs_1/new/timing2.xdc">
      <FileInfo>
        <Attr Name="UsedIn" Val="synthesis"/>
        <Attr Name="UsedIn" Val="implementation"/>
      </FileInfo>
    </File>
    <Config>
      <Option Name="TargetConstrsFile" Val="$PSRCDIR/constrs_1/new/timing2.xdc"/>
      <Option Name="ConstrsType" Val="XDC"/>
    </Config>
  </FileSet>
  <FileSet Name="utils" Type="Utils" RelSrcDir="$PSRCDIR/utils_1" RelGenDir="$PGENDIR/utils_1">
    <Filter Type="Utils"/>
    <File Path="$PSRCDIR/utils_1/imports/synth_1/SH2_CPU.dcp">
      <FileInfo>
        <Attr Name="UsedIn" Val="synthesis"/>
        <Attr Name="UsedIn" Val="implementation"/>
        <Attr Name="UsedInSteps" Val="synth_1"/>
        <Attr Name="AutoDcp" Val="1"/>
      </FileInfo>
    </File>
    <Config>
      <Option Name="TopAutoSet" Val="TRUE"/>
    </Config>
  </FileSet>
  <Strategy Version="1" Minor="2">
    <StratHandle Name="Vivado Implementation Defaults" Flow="Vivado Implementation 2023"/>
    <Step Id="init_design"/>
    <Step Id="opt_design"/>
    <Step Id="power_opt_design"/>
    <Step Id="place_design"/>
    <Step Id="post_place_power_opt_design"/>
    <Step Id="phys_opt_design"/>
    <Step Id="route_design"/>
    <Step Id="post_route_phys_opt_design"/>
    <Step Id="write_bitstream"/>
  </Strategy>
</GenRun>
